arquivo,local
fleeca-rockford.webp,fleeca-rockford
fleeca-shopping.webp,fleeca-shopping
fleeca-praia.webp,fleeca-praia
fleeca-chaves.webp,fleeca-chaves
fleeca-norte.webp,fleeca-norte
banco-central.webp,banco-central
banco-paleto.webp,banco-paleto
joalheria.webp,joalheria
barbearia-rockford.webp,barbearia-rockford
barbearia-sul.webp,barbearia-sul
barbearia-vespucci.webp,barbearia-vespucci
barbearia-mirror.webp,barbearia-mirror
bebidas-morningwood.webp,bebidas-morningwood
bebidas-murrieta.webp,bebidas-murrieta
loja-little-seoul.webp,loja-little-seoul
loja-little-seoul-1x1.webp,loja-little-seoul-1x1
loja-alta.webp,loja-alta
loja-chumash.webp,loja-chumash
loja-strawberry.webp,loja-strawberry
loja-strawberry-1x1.webp,loja-strawberry-1x1
loja-davis.webp,loja-davis
loja-mirror-park.webp,loja-mirror-park
loja-grapeseed.webp,loja-grapeseed
ammunation-pillbox.webp,ammunation-pillbox
ammunation-pillbox-1x1.webp,ammunation-pillbox-1x1
ammunation-cypress.webp,ammunation-cypress
ammunation-cypress-1x1.webp,ammunation-cypress-1x1
hotel.webp,hotel
hollywood.webp,hollywood
comedy.webp,comedy
universidade.webp,universidade
auditas.webp,auditas
auditorio.webp,auditorio
antena.webp,antena
estacionamento.webp,estacionamento
celeiro.webp,celeiro
fast-food.webp,fast-food
acougue.webp,acougue
porto.webp,porto
container.webp,container
navio.webp,navio
madeireira.webp,madeireira
niobio.webp,niobio
galinheiro.webp,galinheiro
paleto-2.webp,paleto-2
pelados.webp,pelados
